Title	Season	Producer	Singer	Date	Dislike	Like	View	URL	LD-Ratio
Aik Alif	2	Rohail Hyaat	"Noori, Saieen Zahoor"	" Jun 14, 2009"	"2,210"	"45,965"	"11,903,841 views"	https://www.youtube.com/watch?v=Ra5nTlty6CM	0.048080061
Aj Latha Naeeo	2	Rohail Hyaat	Javed Bashir	" Jun 14, 2009"	82	"3,308"	"636,569 views"	https://www.youtube.com/watch?v=IZCkA4HpRn4	0.024788392
Jal Pari	2	Rohail Hyaat	Atif Aslam	" Jun 14, 2009"	"1,600"	"43,681"	"8,001,392 views"	https://www.youtube.com/watch?v=Kf6MsltI7lQ	0.036629198
Khamaaj	2	Rohail Hyaat	Shafqat Amanat Ali	" Jun 14, 2009"	186	"10,493"	"1,657,598 views"	https://www.youtube.com/watch?v=uMF8npZN5wE	0.017726103
Paimona	2	Rohail Hyaat	"Zeb, Haniya"	" Jun 14, 2009"	153	"6,896"	"1,484,013 views"	https://www.youtube.com/watch?v=7wIRNkE0uXY	0.022186775
Janay Do	2	Rohail Hyaat	Josh	" Jun 28, 2009"	18	441	"159,052 views"	https://www.youtube.com/watch?v=vatMMD1pa-U	0.040816327
Dastaan-e-ishq	2	Rohail Hyaat	Ali Zafar	" Jun 28, 2009"	790	"24,403"	"5,343,550 views"	https://www.youtube.com/watch?v=6UknDjQZr5E	0.032373069
Aankhon Kay Sagar	2	Rohail Hyaat	Shafqat Amanat Ali	" Jun 28, 2009"	808	"33,204"	"4,501,174 views"	https://www.youtube.com/watch?v=I7xqX51zqoM	0.024334418
Toumba	2	Rohail Hyaat	Saieen Zahoor	" Jun 28, 2009"	613	"10,753"	"2,849,597 views"	https://www.youtube.com/watch?v=9F4EizRXzWI	0.057007347
Kinara	2	Rohail Hyaat	"Atif Aslam, Riaz Ali Khan"	" Jun 28, 2009"	92	"3,371"	"735,703 views"	https://www.youtube.com/watch?v=TXGTA3X99g0	0.027291605
Bari Barsi	2	Rohail Hyaat	Josh	" Jul 11, 2009"	254	"5,976"	"1,998,386 views"	https://www.youtube.com/watch?v=aa3sYXfcDYc	0.042503347
Chal Diyay	2	Rohail Hyaat	"Zeb,Haniya,Javed Bashir"	" Jul 11, 2009"	139	"6,341"	"1,463,132 views"	https://www.youtube.com/watch?v=WY_LzIAG4gc	0.021920833
Jo Meray	2	Rohail Hyaat	Noori	" Jul 11, 2009"	41	"1,922"	"500,577 views"	https://www.youtube.com/watch?v=YjehYh8N1iY	0.021331946
Yar Daddi	2	Rohail Hyaat	Ali Zafar	" Jul 11, 2009"	835	"17,582"	"4,180,916 views"	https://www.youtube.com/watch?v=SIMb5iPyzHA	0.047491753
Wasta Pyar Da	2	Rohail Hyaat	Atif Aslam	" Jul 11, 2009"	418	"7,020"	"2,148,014 views"	https://www.youtube.com/watch?v=b7GFdkZqv9c	0.05954416
Bulleya	2	Rohail Hyaat	Riaz Ali Khan	" Jul 22, 2009"	32	"1,091"	"349,822 views"	https://www.youtube.com/watch?v=FOriUKHfnrs	0.029330889
Chup	2	Rohail Hyaat	"Zeb, Haniya"	" Jul 22, 2009"	68	"1,790"	"825,034 views"	https://www.youtube.com/watch?v=3XAO-IqPcn4	0.037988827
Saari Raat	2	Rohail Hyaat	Noori	" Jul 22, 2009"	587	"18,092"	"4,304,465 views"	https://www.youtube.com/watch?v=-S5U2GXKBSo	0.03244528
Mahi Ve	2	Rohail Hyaat	"Shafqat Amanat Ali, Josh"	" Jul 22, 2009"	170	"6,040"	"1,497,580 views"	https://www.youtube.com/watch?v=sM96x1bSx2g	0.028145695
Mai ni Main	2	Rohail Hyaat	Atif Aslam	" Jul 22, 2009"	287	"6,321"	"1,407,429 views"	https://www.youtube.com/watch?v=XTybbAri_3g	0.045404208
Nahi Ray Nahi	2	Rohail Hyaat	Ali Zafar	" Aug 7, 2009"	62	"2,987"	"446,006 views"	https://www.youtube.com/watch?v=UG26ZAnFJpM	0.020756612
Ajab Khail	2	Rohail Hyaat	Shafqat Amanat Ali	" Aug 7, 2009"	36	"1,616"	"263,224 views"	https://www.youtube.com/watch?v=ZR3clu8Sujw	0.022277228
Humain Kya Hua	2	Rohail Hyaat	Atif Aslam	" Aug 7, 2009"	27	674	"175,758 views"	https://www.youtube.com/watch?v=_PG61P56l98	0.040059347
Titiliyaan	2	Rohail Hyaat	Strings	" Aug 7, 2009"	70	"3,650"	"545,963 views"	https://www.youtube.com/watch?v=b284RBZaiAs	0.019178082
Keedar	2	Rohail Hyaat	Noori	" Aug 7, 2009"	17	"1,021"	"190,205 views"	https://www.youtube.com/watch?v=HYlFzD5MCrI	0.016650343
Husn-e-Haqiqi	2	Rohail Hyaat	Arieb Azhar	" Aug 7, 2009"	74	"3,893"	"605,642 views"	https://www.youtube.com/watch?v=Lbp4GXmF0ZQ	0.019008477
Rona Chor Diya	2	Rohail Hyaat	"Zeb,Haniya,Javed Bashir"	" Aug 7, 2009"	28	"1,344"	"298,759 views"	https://www.youtube.com/watch?v=fKVQc3zSyYM	0.020833333
Na Raindee Hai	3	Rohail Hyaat	Arieb Azhar	" May 31, 2010"	40	"1,755"	"465,318 views"	https://www.youtube.com/watch?v=XxH5wQtWZqQ	0.022792023
Ramooz-e-Ishq	3	Rohail Hyaat	Abida Parveen	" May 31, 2010"	186	"5,665"	"1,734,128 views"	https://www.youtube.com/watch?v=h0EoMozYWSs	0.032833186
Alif Allah	3	Rohail Hyaat	"Arif Lohar, Meesha Shafi"	" May 31, 2010"	"10,538"	"165,400"	"44,375,590 views"	https://www.youtube.com/watch?v=gjaH2iuoYWE	0.063712213
Yaadein	3	Rohail Hyaat	Karavan	" May 31, 2010"	30	470	"201,996 views"	https://www.youtube.com/watch?v=auqCzXMIvs0	0.063829787
Bibi Sana	3	Rohail Hyaat	"Zeb,Haniya"	" May 31, 2010"	796	"18,169"	"6,262,250 views"	https://www.youtube.com/watch?v=GuY-2sHJYhg	0.043810887
Aisha	3	Rohail Hyaat	Amanat Ali	" Jun 16, 2010"	200	"2,305"	"963,913 views"	https://www.youtube.com/watch?v=iJJYdY-9U-w	0.086767896
Moomal Rano	3	Rohail Hyaat	Fakir Juman Shah	" Jun 16, 2010"	43	"1,622"	"374,942 views"	https://www.youtube.com/watch?v=ZkOQutaHaZc	0.026510481
Tann Dolay	3	Rohail Hyaat	"Noori,Zeb,Haniya"	" Jun 16, 2010"	46	"1,268"	"456,831 views"	https://www.youtube.com/watch?v=JJX_0uCwyDM	0.036277603
Bolo Bolo	3	Rohail Hyaat	Entity Paradigm	" Jun 16, 2010"	414	"6,376"	"1,277,799 views"	https://www.youtube.com/watch?v=saY_N-xQliE	0.064930991
Naina De Akhay	3	Rohail Hyaat	"Rizwan, Muazzam"	" Jun 16, 2010"	250	"8,061"	"1,877,191 views"	https://www.youtube.com/watch?v=C2SoRn4tzqc	0.031013522
Sultanat	3	Rohail Hyaat	Aunty Disco Project	" Jul 3, 2010"	24	476	"187,431 views"	https://www.youtube.com/watch?v=mt03MoMPvR4	0.050420168
Mori Araj Suno	3	Rohail Hyaat	Tina Sani	" Jul 3, 2010"	122	"5,465"	"1,278,688 views"	https://www.youtube.com/watch?v=l-sZOGBTgcs	0.022323879
Pritan	3	Rohail Hyaat	Sanam Marvi	" Jul 3, 2010"	104	"2,972"	"1,460,576 views"	https://www.youtube.com/watch?v=Z9bBGEFssWA	0.034993271
Nigah-e-Darwaishaan	3	Rohail Hyaat	Abida Parveen	" Jul 3, 2010"	112	"3,949"	"1,048,678 views"	https://www.youtube.com/watch?v=Bl5eZb4eudc	0.028361611
Chori Chori	3	Rohail Hyaat	Meesha Shafi	" Jul 3, 2010"	796	"20,826"	"6,064,677 views"	https://www.youtube.com/watch?v=RZ4k4035JdA	0.038221454
Hor Vi Neevan Ho	3	Rohail Hyaat	Noori	" Jul 14, 2010"	215	"8,696"	"2,110,354 views"	https://www.youtube.com/watch?v=qUcaCYx0kzI	0.024724011
Kaisay Mumkin	3	Rohail Hyaat	Karavan	" Jul 14, 2010"	20	"1,163"	"302,787 views"	https://www.youtube.com/watch?v=ldlLfd8RUCg	0.017196905
Nazaar Eyle	3	Rohail Hyaat	"Zeb, Haniya"	" Jul 14, 2010"	32	"1,651"	"344,807 views"	https://www.youtube.com/watch?v=yvLv2-A0mnc	0.019382193
Haq Maujood	3	Rohail Hyaat	"Amanat Ali, Sanam Marvi"	" Jul 14, 2010"	220	"5,956"	"1,619,523 views"	https://www.youtube.com/watch?v=eOpSiN66GTQ	0.036937542
Mirza Sahibaan	3	Rohail Hyaat	Arif Lohar	" Jul 14, 2010"	167	"2,912"	"966,678 views"	https://www.youtube.com/watch?v=1OmAJQyin_o	0.057348901
Ae Wattan Kay Sajeelay Jawanon	3	Rohail Hyaat	Amanat Ali	" Jul 31, 2010"	18	"1,107"	"183,651 views"	https://www.youtube.com/watch?v=VXQzzJZXcYc	0.016260163
Manzil-e-Sufi	3	Rohail Hyaat	Sanam Marvi	" Jul 31, 2010"	530	"10,638"	"3,651,122 views"	https://www.youtube.com/watch?v=lxFaUIxezkc	0.049821395
Nawal Ney	3	Rohail Hyaat	Tina Sani	" Jul 31, 2010"	55	"2,605"	"550,282 views"	https://www.youtube.com/watch?v=1yqD4rns_jY	0.021113244
Jana Jogi Dey Naal	3	Rohail Hyaat	"Rizwan, Muazzam"	" Jul 31, 2010"	133	"3,108"	"737,595 views"	https://www.youtube.com/watch?v=1Ds-09MGZUM	0.042792793
Soz-e-Ishq	3	Rohail Hyaat	Abida Parveen	" Jul 31, 2010"	122	"4,321"	"1,157,781 views"	https://www.youtube.com/watch?v=XaII05SfX9E	0.028234205
Deewana	1	Rohail Hyaat	Ali Azmat	" Dec 3, 2010"	13	409	"92,671 views"	https://www.youtube.com/watch?v=gZ8URPEm210	0.031784841
Gallan	1	Rohail Hyaat	Ali Azmat	" Dec 3, 2010"	10	105	"33,313 views"	https://www.youtube.com/watch?v=FaMIZmXx52s	0.095238095
Main Challa	1	Rohail Hyaat	Ali Azmat	" Dec 3, 2010"	10	179	"45,196 views"	https://www.youtube.com/watch?v=Wp3cGkH8Mog	0.055865922
Allah Hu	1	Rohail Hyaat	"Ali Zafar, Saieen Tufail"	" Dec 5, 2010"	87	"2,586"	"361,957 views"	https://www.youtube.com/watch?v=bpsSkUvlwiE	0.033642691
Chal Dil Meray	1	Rohail Hyaat	Ali Zafar	" Dec 5, 2010"	86	"3,112"	"339,512 views"	https://www.youtube.com/watch?v=acqctXbGM9I	0.027634961
Channo	1	Rohail Hyaat	Ali Zafar	" Dec 5, 2010"	40	"1,182"	"174,561 views"	https://www.youtube.com/watch?v=dtwBbkaxTbg	0.033840948
Janay Na Koi	1	Rohail Hyaat	Ali Zafar	" Dec 5, 2010"	18	692	"117,501 views"	https://www.youtube.com/watch?v=iAX8qPw5zBw	0.026011561
Rangeen	1	Rohail Hyaat	Ali Zafar	" Dec 5, 2010"	22	519	"138,437 views"	https://www.youtube.com/watch?v=s1n59zfIJR0	0.04238921
Jam Session	1	Rohail Hyaat	HouseBand	" Dec 5, 2010"	2	131	"26,044 views"	https://www.youtube.com/watch?v=1cAyFbXLZyg	0.015267176
Pahelian	1	Rohail Hyaat	Mauj	" Dec 7, 2010"	7	160	"34,394 views"	https://www.youtube.com/watch?v=lAbc_Oo3LyE	0.04375
Ballaman	1	Rohail Hyaat	"Rahet Fateh Ali Khan, Ali Azmat"	" Dec 7, 2010"	9	703	"117,239 views"	https://www.youtube.com/watch?v=RKIsBmwI8zk	0.012802276
Garaj Baras	1	Rohail Hyaat	"Rahet Fateh Ali Khan, Ali Azmat"	" Dec 7, 2010"	"1,227"	"28,193"	"6,362,234 views"	https://www.youtube.com/watch?v=7rLxN41avhY	0.043521441
Dildara	1	Rohail Hyaat	Rahet Fateh Ali Khan	" Dec 7, 2010"	41	932	"313,381 views"	https://www.youtube.com/watch?v=L_rGnQqr9jA	0.043991416
Shaman Payian	1	Rohail Hyaat	Rahet Fateh Ali Khan	" Dec 7, 2010"	77	"1,468"	"293,305 views"	https://www.youtube.com/watch?v=WAhwKIPRhRE	0.052452316
I'm in love	1	Rohail Hyaat	"Saba, Selina"	" Dec 7, 2010"	14	258	"46,074 views"	https://www.youtube.com/watch?v=sb8weIybw_U	0.054263566
My Happiness	1	Rohail Hyaat	"Sajid, Zeeshan"	" Dec 7, 2010"	12	133	"25,819 views"	https://www.youtube.com/watch?v=xFQxhvQPzr8	0.090225564
Dhaani	1	Rohail Hyaat	"Strings, Ustaad Gullu"	" Dec 7, 2010"	56	"1,790"	"419,320 views"	https://www.youtube.com/watch?v=hwqb6fZ4sCU	0.031284916
Durr	1	Rohail Hyaat	"Strings, Ustaad Gullu"	" Dec 8, 2010"	172	"6,507"	"1,153,176 views"	https://www.youtube.com/watch?v=CUIuDciyNX0	0.026433072
Anjane	1	Rohail Hyaat	Strings	" Dec 8, 2010"	20	652	"167,984 views"	https://www.youtube.com/watch?v=0rP337lC_cI	0.030674847
Sar Kiyae	1	Rohail Hyaat	Strings	" Dec 8, 2010"	129	"4,303"	"666,700 views"	https://www.youtube.com/watch?v=V33jn1civAQ	0.029979084
Zinda	1	Rohail Hyaat	Strings	" Dec 8, 2010"	295	"7,998"	"1,537,269 views"	https://www.youtube.com/watch?v=KjF-iRLPIak	0.036884221
Jam Session	1	Rohail Hyaat	Ustaad Gullu	" Dec 8, 2010"	20	411	"67,348 views"	https://www.youtube.com/watch?v=hBe9nGmIOKU	0.0486618
To Kia Hua	4	Rohail Hyaat	Bilal Khan	" May 18, 2011"	721	"26,747"	"5,381,740 views"	https://www.youtube.com/watch?v=cOfPDZSqXMk	0.026956294
Ik Aarzu	4	Rohail Hyaat	Jal	" May 18, 2011"	378	"11,439"	"2,708,483 views"	https://www.youtube.com/watch?v=RY2i_RsQmMw	0.033044847
Kuch Hai	4	Rohail Hyaat	Mizraab	" May 18, 2011"	64	"1,341"	"371,044 views"	https://www.youtube.com/watch?v=FhlIHb3SKyw	0.047725578
Daanah Pah Daanah	4	Rohail Hyaat	"Akhtar Channal, Komal Rizvi"	" May 18, 2011"	"3,743"	"61,937"	"13,484,042 views"	https://www.youtube.com/watch?v=u3F7kcLrGvA	0.060432375
Sighra Aaween Saanwal Yaar	4	Rohail Hyaat	Sanam Marvi	" May 18, 2011"	59	"1,781"	"360,743 views"	https://www.youtube.com/watch?v=OuIg9NGAnVc	0.033127456
Kirkir kirkir	4	Rohail Hyaat	Sajjad Ali	" May 31, 2011"	126	"3,986"	"912,192 views"	https://www.youtube.com/watch?v=MQEO0lx9l00	0.031610637
Senraan Ra Baariya	4	Rohail Hyaat	"Asif Hussain Samraat, Zoe Viccaji"	" Jun 1, 2011"	28	"2,129"	"328,070 views"	https://www.youtube.com/watch?v=9h7p4-15ZNU	0.013151714
Nindiya re	4	Rohail Hyaat	Kaavish	" Jun 1, 2011"	633	"25,275"	"4,741,644 views"	https://www.youtube.com/watch?v=nAIxCBm3ULk	0.02504451
Kangna	4	Rohail Hyaat	"Fareed Ayaz, Abu Muhammad"	" Jun 2, 2011"	667	"19,223"	"3,085,498 views"	https://www.youtube.com/watch?v=BXmIpbBOSvI	0.034698018
Ni Oothaan Waale	4	Rohail Hyaat	Attaullah Khan Esakhelvi	" Jun 4, 2011"	638	"15,232"	"3,173,347 views"	https://www.youtube.com/watch?v=55-ExedKAr0	0.041885504
Baageshri	4	Rohail Hyaat	Mole	" Jun 16, 2011"	28	813	"147,248 views"	https://www.youtube.com/watch?v=8RXhJS-JSK8	0.034440344
Ith Naheen	4	Rohail Hyaat	Sanam Marvi	" Jun 16, 2011"	68	"2,818"	"441,928 views"	https://www.youtube.com/watch?v=eYKtKRRyf9Y	0.024130589
Panchi	4	Rohail Hyaat	"Jal, QB"	" Jun 16, 2011"	420	"16,526"	"3,395,128 views"	https://www.youtube.com/watch?v=4HCdGGag3no	0.025414498
Mundari	4	Rohail Hyaat	Ustaad Naseer-ud-din Shaami	" Jun 17, 2011"	125	"5,215"	"842,304 views"	https://www.youtube.com/watch?v=5IMHuCKp9TA	0.023969319
Lamha	4	Rohail Hyaat	Bilal Khan	" Jun 17, 2011"	123	"4,615"	"1,114,230 views"	https://www.youtube.com/watch?v=ri-4kVH7MOE	0.026652221
Rang Laaga	4	Rohail Hyaat	"Sajjad Ali, Sanam Marvi"	" Jul 1, 2011"	107	"4,074"	"593,297 views"	https://www.youtube.com/watch?v=Kpczer35yBQ	0.026264114
Pyaar Naal	4	Rohail Hyaat	Attaullah Khan Esakhelvi	" Jul 1, 2011"	"2,589"	"48,557"	"8,763,489 views"	https://www.youtube.com/watch?v=oRoDbwoeBcQ	0.05331878
Nar Bait	4	Rohail Hyaat	Akhtar Channal	" Jul 1, 2011"	195	"4,020"	"809,280 views"	https://www.youtube.com/watch?v=G4AJ_7WiDTc	0.048507463
Mandh Waai	4	Rohail Hyaat	The Sketches	" Jul 1, 2011"	66	"2,681"	"413,533 views"	https://www.youtube.com/watch?v=srM3sc7XvcQ	0.02461768
Beero Binjaaro	4	Rohail Hyaat	Asif Hussain Samraat	" Jul 15, 2011"	33	"1,282"	"183,013 views"	https://www.youtube.com/watch?v=7vS3EL0DBGQ	0.02574103
Mori Bangri	4	Rohail Hyaat	"Fareed Ayaz, Abu Muhammad"	" Jul 15, 2011"	50	"2,386"	"340,179 views"	https://www.youtube.com/watch?v=NymD_xFRQQ8	0.020955574
Special Feature	4	Rohail Hyaat	HouseBand	" Jul 16, 2011"	8	411	"59,693 views"	https://www.youtube.com/watch?v=0nzsfg3nTnY	0.01946472
Paisay Da Nasha	5	Rohail Hyaat	Bohemia	" May 12, 2012"	731	"26,171"	"3,309,245 views"	https://www.youtube.com/watch?v=rQXpskfqZho	0.02793168
Tum Kaho	5	Rohail Hyaat	SYMT	" May 12, 2012"	80	"1,978"	"483,048 views"	https://www.youtube.com/watch?v=k4iI6ccj6mw	0.040444894
Kamlee	5	Rohail Hyaat	Hadiqa Kiani	" May 12, 2012"	587	"12,215"	"2,802,421 views"	https://www.youtube.com/watch?v=9oGSq6iGSjQ	0.048055669
Larsha Pekhawar	5	Rohail Hyaat	Hamayoon Khan	" May 12, 2012"	356	"9,736"	"1,613,868 views"	https://www.youtube.com/watch?v=iwb793n2kDs	0.036565325
Charkha Nolakha	5	Rohail Hyaat	"Atif Aslam,Qayaas"	" May 12, 2012"	691	"19,291"	"4,079,748 views"	https://www.youtube.com/watch?v=y8qU0VcbhBY	0.035819812
Ishq Aap Bhe Awalla	5	Rohail Hyaat	"Meesha Shafi, Chakwal Group"	" May 23, 2012"	29	862	"350,120 views"	https://www.youtube.com/watch?v=udazbrgtgvw	0.033642691
Larho Mujhey	5	Rohail Hyaat	Bilal Khan	" May 26, 2012"	740	"21,671"	"2,567,122 views"	https://www.youtube.com/watch?v=SUqRXjCM8Gg	0.034147017
Ishq Aap Bhe Awalla	5	Rohail Hyaat	"Hadiqa Kiani, Chakwal Group"	" May 26, 2012"	"2,449"	"41,965"	"12,275,547 views"	https://www.youtube.com/watch?v=j52tXsEbcQM	0.058358156
Pere Pavandi Saan	5	Rohail Hyaat	Mithu Tahir	" May 26, 2012"	231	"8,579"	"1,274,698 views"	https://www.youtube.com/watch?v=fCP8uv9v0yI	0.026926215
Khabaram Raseeda	5	Rohail Hyaat	"Fareed Ayaz, Abu Muhammad"	" May 26, 2012"	145	"6,743"	"1,074,185 views"	https://www.youtube.com/watch?v=qYFwzGZcidk	0.021503782
Rabba Sacheya	5	Rohail Hyaat	Atif Aslam	" May 26, 2012"	386	"9,506"	"1,973,819 views"	https://www.youtube.com/watch?v=I8_jTmPX0gM	0.040605933
School Di Kitaab	5	Rohail Hyaat	Bohemia	" Jun 9, 2012"	"2,692"	"67,147"	"7,844,189 views"	https://www.youtube.com/watch?v=e1ZUQoRyhi4	0.040091143
Taaray	5	Rohail Hyaat	Bilal Khan	" Jun 9, 2012"	84	"1,262"	"264,530 views"	https://www.youtube.com/watch?v=QdPhAT5HO0o	0.066561014
Nindiya Ke Paar	5	Rohail Hyaat	Uzair Jaswal	" Jun 9, 2012"	325	"14,738"	"2,461,453 views"	https://www.youtube.com/watch?v=82YpVrSwUmQ	0.022051839
Neray Aah	5	Rohail Hyaat	"Overload, Rachel Viccaji"	" Jun 9, 2012"	545	"8,631"	"1,596,332 views"	https://www.youtube.com/watch?v=uORLlmx9qF4	0.063144479
Rung	5	Rohail Hyaat	Hadiqa Kiani	" Jun 9, 2012"	368	"8,564"	"1,695,952 views"	https://www.youtube.com/watch?v=Mdz0xrXY9I4	0.042970574
Rung	5	Rohail Hyaat	"Fareed Ayaz, Abu Muhammad"	" Jun 23, 2012"	256	"7,085"	"1,127,320 views"	https://www.youtube.com/watch?v=1BOPPS0GhW0	0.036132675
Bolay	5	Rohail Hyaat	Uzair Jaswal	" Jun 23, 2012"	48	"1,459"	"247,330 views"	https://www.youtube.com/watch?v=m8HvMryaoTs	0.032899246
Tora Bahraam Khaana	5	Rohail Hyaat	Hamayoon Khan	" Jun 23, 2012"	157	"3,895"	"861,229 views"	https://www.youtube.com/watch?v=qCEvr2mV_Eg	0.040308087
Dholna	5	Rohail Hyaat	Atif Aslam	" Jun 23, 2012"	207	"6,239"	"1,141,824 views"	https://www.youtube.com/watch?v=m27jhWteZSc	0.033178394
Kandyaari Dhol Geet	5	Rohail Hyaat	"Bohemia,Chakwal Group"	" Jun 23, 2012"	565	"21,001"	"2,674,636 views"	https://www.youtube.com/watch?v=RgBW3vWDxxc	0.026903481
Wah Wah Jhulara	5	Rohail Hyaat	Chakwal Group	" Jul 7, 2012"	172	"5,583"	"997,721 views"	https://www.youtube.com/watch?v=dE_HpIQ8fvg	0.030807809
Mahi	5	Rohail Hyaat	Overload	" Jul 7, 2012"	99	"1,853"	"369,084 views"	https://www.youtube.com/watch?v=IJlhSU6_HPI	0.053426875
Koi Labda	5	Rohail Hyaat	"SYMT, Sanam Marvi"	" Jul 7, 2012"	286	"11,470"	"2,227,842 views"	https://www.youtube.com/watch?v=wUDpqMdMxTo	0.024934612
Dasht-e-Tanhai	5	Rohail Hyaat	Meesha Shafi	" Jul 7, 2012"	"1,304"	"29,621"	"5,910,641 views"	https://www.youtube.com/watch?v=tYB-6i_q4sU	0.044022822
Seher	5	Rohail Hyaat	Farhan Rais Khan	" Jul 7, 2012"	60	"2,850"	"331,085 views"	https://www.youtube.com/watch?v=HphWB4NkFcY	0.021052632
Jogi	6	Rohail Hyaat	"Fariha Pervez,Muazzam Ali Khan"	" Oct 20, 2013"	740	"13,210"	"2,962,839 views"	https://www.youtube.com/watch?v=6StD5G12vjM	0.056018168
Laili Jaan	6	Rohail Hyaat	"Zeb, Haniya"	" Oct 24, 2013"	134	"4,849"	"677,427 views"	https://www.youtube.com/watch?v=2p9y_OsVV5s	0.027634564
Rabba Ho	6	Rohail Hyaat	"Saieen Zahoor,Sanam Marvi"	" Oct 26, 2013"	385	"10,803"	"1,999,044 views"	https://www.youtube.com/watch?v=OEjfiBWPHmA	0.035638249
Khayaal	6	Rohail Hyaat	Umair Jaswal	" Oct 26, 2013"	144	"3,550"	"511,700 views"	https://www.youtube.com/watch?v=KOIUge8cnO4	0.04056338
Ishq Di Booti	6	Rohail Hyaat	Abrar-ul-Haq	" Nov 23, 2013"	"1,165"	"15,968"	"3,665,755 views"	https://www.youtube.com/watch?v=QLf2ewlaLMA	0.072958417
Laage Re Nain	6	Rohail Hyaat	Ayesha Omer	" Nov 23, 2013"	236	"8,825"	"952,462 views"	https://www.youtube.com/watch?v=VuvfZ3UJEh8	0.02674221
Tori Chab and Kalenin Burcu Muyam	6	Rohail Hyaat	"Rahet Fateh Ali Khan, Sumru Agiryuruyen"	" Nov 23, 2013"	69	"2,607"	"321,416 views"	https://www.youtube.com/watch?v=zMBD4ONmBk0	0.026467204
Neer Bharan	6	Rohail Hyaat	Zara Madani	" Dec 7, 2013"	72	"1,536"	"200,693 views"	https://www.youtube.com/watch?v=dTyqsduVxds	0.046875
Raat Gaey	6	Rohail Hyaat	Zoe Viccaji	" Dec 7, 2013"	63	987	"155,140 views"	https://www.youtube.com/watch?v=PO-17y2F-Mc	0.063829787
Channa	6	Rohail Hyaat	Atif Aslam	" Dec 7, 2013"	949	"33,471"	"3,546,434 views"	https://www.youtube.com/watch?v=8xdbvxXPHaI	0.028352903
Yaar Vekho	6	Rohail Hyaat	Sanam Marvi	" Dec 7, 2013"	150	"6,592"	"890,396 views"	https://www.youtube.com/watch?v=SiIu-COuHKw	0.022754854
Aamay Bhashaili	6	Rohail Hyaat	"Alamgir,Fariha Pervez"	" Dec 21, 2013"	"2,264"	"69,177"	"10,859,118 views"	https://www.youtube.com/watch?v=FnDmg-cBVsA	0.032727641
Mahi Gal	6	Rohail Hyaat	Asad Abbas	" Dec 21, 2013"	62	"2,068"	"291,646 views"	https://www.youtube.com/watch?v=r8rhSkV9zeQ	0.029980658
Ishq Kinara	6	Rohail Hyaat	"Zoe Viccaji, Sumru Agiryuruyen"	" Dec 21, 2013"	522	"19,124"	"2,315,628 views"	https://www.youtube.com/watch?v=Pxds9ELol1A	0.027295545
Laila O Laila	6	Rohail Hyaat	Rostam Mirlashri	" Dec 21, 2013"	786	"19,551"	"3,605,019 views"	https://www.youtube.com/watch?v=EAwJynFW64U	0.040202547
Sawaal	6	Rohail Hyaat	"Ali Azmat, Muazzam Ali Khan"	" Jan 4, 2014"	502	"9,693"	"1,593,590 views"	https://www.youtube.com/watch?v=eHYNRmXsoKI	0.051789952
Miyan Ki Malhaar	6	Rohail Hyaat	"Ayesha Omer,Fariha Pervez, Zara Madani"	" Jan 4, 2014"	269	"7,278"	"985,066 views"	https://www.youtube.com/watch?v=u7R4kdCi1zY	0.036960703
Babu Bhai	6	Rohail Hyaat	Ali Azmat	" Oct 26, 2013"	148	"1,860"	"329,216 views"	https://www.youtube.com/watch?v=awp1Zr94Yrw	0.079569892
Mein Sufi Hoon	7	Strings	"Abida Parveen, Ustaad Raees Khan"	" Sep 20, 2014"	155	"5,210"	"810,761 views"	https://www.youtube.com/watch?v=qOgZJJmLfhA	0.02975048
Lai Beqadraa Nal Yaari	7	Strings	Niazi Brothers	" Sep 20, 2014"	270	"7,446"	"1,150,604 views"	https://www.youtube.com/watch?v=brqDDMBjvP0	0.03626108
Tum Naraaz Ho	7	Strings	Sajjad Ali	" Sep 20, 2014"	734	"26,562"	"3,469,175 views"	https://www.youtube.com/watch?v=Fx7hHmPw8IE	0.027633461
Sab Aakho Ali Ali		Strings	Asrar	" Sep 20, 2014"	217	"7,019"	"830,707 views"	https://www.youtube.com/watch?v=kEz93Qn8Z_s	0.030916085
Phool Banro	7	Strings	"Humera Channa, Abbas Ali Khan"	" Sep 27, 2014"	50	"2,066"	"342,356 views"	https://www.youtube.com/watch?v=UOeZCNIAUvc	0.024201355
Washmallay	7	Strings	"Akhtar Chanal, Komal Rizvi, Momin Durrani"	" Sep 27, 2014"	263	"6,559"	"953,523 views"	https://www.youtube.com/watch?v=5mqFihvptHI	0.040097576
Charkha	7	Strings	Javed Bashir	" Sep 27, 2014"	94	"3,519"	"443,212 views"	https://www.youtube.com/watch?v=rF_2pqJ86L4	0.026712134
Chehra	7	Strings	Zoheb Hassan	" Sep 27, 2014"	84	"3,556"	"631,496 views"	https://www.youtube.com/watch?v=FjlIHBjTJIw	0.023622047
Sunn Ve Balori	7	Strings	Meesha Shafi	" Oct 4, 2014"	170	"3,586"	"668,844 views"	https://www.youtube.com/watch?v=GiKf47DGZmE	0.047406581
Nadiya	7	Strings	"Jimmy Khan, Rahma Ali"	" Oct 4, 2014"	903	"17,844"	"4,986,383 views"	https://www.youtube.com/watch?v=0pHFJELNKZk	0.050605245
Jhoolay Laal	7	Strings	"Fariha Pervez, Sajjad Ali"	" Oct 4, 2014"	389	"9,256"	"3,026,260 views"	https://www.youtube.com/watch?v=ssc5vRxvuk4	0.042026793
Dost	7	Strings	Abida Parveen	" Oct 4, 2014"	267	"8,649"	"1,405,609 views"	https://www.youtube.com/watch?v=hzb6uI7xRA8	0.030870621
Shakar Wandaan Re	7	Strings	Asrar	" Oct 11, 2014"	498	"12,152"	"1,663,714 views"	https://www.youtube.com/watch?v=8een9p-K-2o	0.040980908
Ambwa Talay	7	Strings	"Javed Bashir, Humera Channa"	" Oct 11, 2014"	97	"4,528"	"515,424 views"	https://www.youtube.com/watch?v=2z7Nc9f16WI	0.021422261
Dheeray Dheeray	7	Strings	Zoheb Hassan	" Oct 11, 2014"	80	"2,290"	"416,192 views"	https://www.youtube.com/watch?v=gSYrtojw2go	0.034934498
Bone Shaker	7	Strings	Usman Riaz	" Oct 11, 2014"	29	"2,195"	"165,817 views"	https://www.youtube.com/watch?v=L-P3IBz9Kkc	0.013211845
Mujhay Baar Baar	7	Strings	Abbas Ali Khan	" Oct 18, 2014"	481	"16,003"	"2,170,900 views"	https://www.youtube.com/watch?v=KaT9lEyqzU0	0.030056864
Pehla Pyar	7	Strings	Jimmy Khan	" Oct 18, 2014"	29	"1,148"	"160,429 views"	https://www.youtube.com/watch?v=gMBqjeh2Amk	0.025261324
Mitti de Pehlwan	7	Strings	Jawad Ahmad	" Oct 18, 2014"	44	"1,417"	"195,191 views"	https://www.youtube.com/watch?v=MES-ylnUNq4	0.031051517
Kheryaan De Naal	7	Strings	Niazi Brothers	" Oct 18, 2014"	190	"6,886"	"831,172 views"	https://www.youtube.com/watch?v=jfqKObTVyHE	0.027592216
Chaap Tilak	7	Strings	"Abida Parveen, Rahet Fateh Ali Khan"	" Nov 15, 2014"	"3,956"	"107,570"	"16,459,201 views"	https://www.youtube.com/watch?v=7SDrjwtfKMk	0.036776053
Descent to the Ocean Floor	7	Strings	Usman Riaz	" Nov 15, 2014"	18	"1,801"	"124,502 views"	https://www.youtube.com/watch?v=xdYPWo4-ZT0	0.009994448
Yaad	7	Strings	Javed Bashir	" Nov 15, 2014"	129	"6,139"	"670,016 views"	https://www.youtube.com/watch?v=jDgeABMDuiU	0.021013194
Jaana	7	Strings	"Zoheb Hassan,Zoe Viccaji"	" Nov 15, 2014"	100	"2,930"	"444,449 views"	https://www.youtube.com/watch?v=Lfd5KRmcnRI	0.034129693
Suth  Gaana	7	Strings	Sajjad Ali	" Nov 22, 2014"	43	"1,042"	"200,333 views"	https://www.youtube.com/watch?v=u1J-zbzMQlI	0.041266795
Za Sta Pasha Mayam	7	Strings	"Naseer,Shahab"	" Nov 22, 2014"	70	"1,209"	"159,535 views"	https://www.youtube.com/watch?v=UEzpT7A5P9c	0.05789909
Hans Dhuni	7	Strings	Ustaad Raees Khan	" Nov 22, 2014"	68	"3,403"	"341,647 views"	https://www.youtube.com/watch?v=M2-sponIRGM	0.019982368
Pani Da Bulbula	7	Strings	Abrar-ul-Haq	" Nov 22, 2014"	375	"8,332"	"1,112,782 views"	https://www.youtube.com/watch?v=LeaDoxpSvKI	0.045007201
Sohni Dharti	8	Strings	All	" Aug 4, 2015"	725	"23,528"	"2,567,155 views"	https://www.youtube.com/watch?v=DOBt2gmNx0I	0.030814349
Aankharli Pharookai	8	Strings	"Mai Dhai, Karam Abaas"	" Aug 15, 2015"	252	"6,701"	"806,240 views"	https://www.youtube.com/watch?v=zn2fZh7ZUFI	0.037606327
Bewajah	8	Strings	Nabeel Shaukat Ali	" Aug 15, 2015"	"1,576"	"60,011"	"7,789,852 views"	https://www.youtube.com/watch?v=o1VvgO7RNXg	0.026261852
Sayoon	8	Strings	Mekaal Hasan Band	" Aug 15, 2015"	89	"1,523"	"246,955 views"	https://www.youtube.com/watch?v=FgotlS3olp0	0.058437295
Tajdar-e-Haram	8	Strings	Atif Aslam	" Aug 15, 2015"	"96,743"	"1,319,205"	"188,311,904 views"	https://www.youtube.com/watch?v=a18py61_F_w	0.073334319
Sakal Ban	8	Strings	"Rizwan, Muazzam"	" Aug 22, 2015"	71	"2,918"	"347,910 views"	https://www.youtube.com/watch?v=TpeWLXYtCgI	0.024331734
Sammi Meri Waar	8	Strings	"Umair Jaswal, QB"	" Aug 22, 2015"	"9,318"	"168,299"	"32,980,572 views"	https://www.youtube.com/watch?v=KHLNSxe5Y8A	0.055365748
Chiryan Da Chamba	8	Strings	"Suraiya Khanum,Anwar Maqsood"	" Aug 22, 2015"	552	"13,340"	"1,110,558 views"	https://www.youtube.com/watch?v=tIIgLhNT7SQ	0.04137931
Rockstar	8	Strings	Ali Zafar	" Aug 22, 2015"	"1,054"	"27,827"	"3,389,988 views"	https://www.youtube.com/watch?v=ZwINALbVF7w	0.037876882
Man Aamadeh Am	8	Strings	"Gul Panrra,Atif Aslam"	" Aug 29, 2015"	"24,396"	"332,848"	"69,122,282 views"	https://www.youtube.com/watch?v=U_DSCLqgZCo	0.073294717
Umran Langiyaan	8	Strings	"Ali Sethi,Nabeel Shaukat"	" Aug 29, 2015"	745	"24,490"	"3,635,544 views"	https://www.youtube.com/watch?v=REhOKUs_2wM	0.03042058
Neun La Leya	8	Strings	Kaavish	" Aug 29, 2015"	64	"4,119"	"431,706 views"	https://www.youtube.com/watch?v=Bqto9jnc-II	0.015537752
Rung Jindri	8	Strings	Arif Lohar	" Aug 29, 2015"	622	"10,262"	"1,880,700 views"	https://www.youtube.com/watch?v=JbligrZbNXE	0.060611966
Rabba Ho	8	Strings	Mulazim Hussain	" Sep 5, 2015"	92	"5,366"	"599,370 views"	https://www.youtube.com/watch?v=TQIKEwMlTh8	0.017144987
Khari Neem	8	Strings	Siege	" Sep 5, 2015"	186	"2,005"	"316,887 views"	https://www.youtube.com/watch?v=aXRI5khDgzk	0.09276808
Piya Dekhan Ko	8	Strings	"Ustad Hamid Ali Khan, Nafees Ahmed"	" Sep 5, 2015"	37	"2,151"	"262,963 views"	https://www.youtube.com/watch?v=ovoxnLqwaBA	0.017201302
Ae Dil	8	Strings	"Ali Zafar, Sara Haider"	" Sep 5, 2015"	"1,712"	"52,481"	"7,740,251 views"	https://www.youtube.com/watch?v=1vPfLURfkBc	0.03262133
Hina Ki Khushbu	8	Strings	"Samra Khan,Asim Azhar"	" Sep 13, 2015"	"2,483"	"50,044"	"10,108,031 views"	https://www.youtube.com/watch?v=h0Rh7afPspA	0.049616338
Khalis Makhan	8	Strings	Bakhshi Brothers	" Sep 13, 2015"	79	"3,795"	"431,071 views"	https://www.youtube.com/watch?v=0lKkGnqNRIM	0.020816864
Kinaray	8	Strings	Mekaal Hasan Band	" Sep 13, 2015"	52	"1,870"	"237,717 views"	https://www.youtube.com/watch?v=eSMp2OKpECs	0.027807487
Rangeela	8	Strings	Ali Azmat	" Sep 13, 2015"	351	"8,149"	"1,358,821 views"	https://www.youtube.com/watch?v=J8w9dysnzsI	0.04307277
Ve Baneya	8	Strings	"Fizza Javed, Mulazim Hussain"	" Sep 19, 2015"	559	"11,498"	"2,892,746 views"	https://www.youtube.com/watch?v=gl4ILxeJXsQ	0.048617151
Hare Hare Baans	8	Strings	"Shazia Manzoor, Rizwan,Muazzam"	" Sep 19, 2015"	73	"3,547"	"373,765 views"	https://www.youtube.com/watch?v=hnlLZ5Tz6Fw	0.020580772
Jiya Karay	8	Strings	"Ali Haider, Sara Raza"	" Sep 19, 2015"	404	"4,658"	"1,853,179 views"	https://www.youtube.com/watch?v=f65zqoRcyv8	0.086732503
Kadi Aao Ni	8	Strings	"Mai Dhai,Atif Aslam"	" Sep 19, 2015"	"4,054"	"110,036"	"10,463,866 views"	https://www.youtube.com/watch?v=qgmqIpIbBVY	0.036842488
Armaan	8	Strings	"Siege, Alycia Dias"	" Oct 3, 2015"	119	"1,713"	"216,906 views"	https://www.youtube.com/watch?v=qgfn8yvSoAI	0.069468768
Aaj Din Vechre Vich	8	Strings	Ali Zafar	" Oct 3, 2015"	173	"6,069"	"758,574 views"	https://www.youtube.com/watch?v=rbAAYOyUcq8	0.02850552
Dil Jale	8	Strings	Malang Party	" Oct 3, 2015"	94	"2,889"	"374,154 views"	https://www.youtube.com/watch?v=UFC5xKvJ-T0	0.03253721
Aaj Jane Ki Zid Na Karo	8	Strings	Farida Khanum	" Oct 3, 2015"	"1,415"	"70,535"	"6,744,668 views"	https://www.youtube.com/watch?v=KDJL2FyRDeA	0.020060963
Aye Rah-e-Haq Ke Shaheedo	9	Strings	All	" Aug 5, 2016"	"4,317"	"127,271"	"14,642,671 views"	https://www.youtube.com/watch?v=EZVPRe5jRs4	0.033919746
Sasu Mangay	9	Strings	"Naseebo Lal, Umair Jaswal"	" Aug 13, 2016"	"1,160"	"16,675"	"3,066,798 views"	https://www.youtube.com/watch?v=0KFhnMIm0z4	0.069565217
Janay Na Tu	9	Strings	Ali Khan	" Aug 13, 2016"	553	"29,210"	"3,008,796 views"	https://www.youtube.com/watch?v=rweRzXdid5M	0.018931873
Aaja Re Moray Saiyaan	9	Strings	Zeb	" Aug 13, 2016"	"1,179"	"43,469"	"6,311,352 views"	https://www.youtube.com/watch?v=bq29w9MJKTQ	0.027122777
Aaqa	9	Strings	"Ali Sethi, Abida Parveen"	" Aug 13, 2016"	"3,461"	"106,368"	"12,347,582 views"	https://www.youtube.com/watch?v=LekqDjknArc	0.032537981
Bholay Bhalay	9	Strings	Meesha Shafi	" Aug 19, 2016"	"1,406"	"17,906"	"3,570,109 views"	https://www.youtube.com/watch?v=7w8AR7jnhpc	0.078521166
Afreen Afreen	9	Strings	"Rahet Fateh Ali Khan, Momina Mustehsan"	" Aug 19, 2016"	"60,627"	"1,302,036"	"206,743,927 views"	https://www.youtube.com/watch?v=kw4tT7SCmaY	0.046563229
Baliye (Laung Gawacha)	9	Strings	"QB, Haroon Shahid"	" Aug 19, 2016"	"3,794"	"57,769"	"11,973,902 views"	https://www.youtube.com/watch?v=xhgt47nvZUQ	0.065675362
Man Kuntu Maula	9	Strings	"Ali Azmat, Javed Bashir"	" Aug 19, 2016"	"1,182"	"25,632"	"4,244,757 views"	https://www.youtube.com/watch?v=6XcMiqJGkQE	0.046114232
Khaki Banda	9	Strings	"Ahmed Jahanzeb, Umair Jaswal"	" Aug 26, 2016"	883	"29,919"	"3,326,204 views"	https://www.youtube.com/watch?v=YahQn3RJMAg	0.029513018
Dilruba Na Raazi	9	Strings	"Zeb,Faakhir Mehmood"	" Aug 26, 2016"	"3,586"	"63,221"	"10,573,101 views"	https://www.youtube.com/watch?v=ReY3YSltJek	0.056721659
Tu Hi Tu	9	Strings	"Mehwish Hayat, Shiraz Uppal"	" Aug 26, 2016"	"2,727"	"45,854"	"8,106,641 views"	https://www.youtube.com/watch?v=3pPUJE76V1s	0.059471366
Maula-e-Kull	9	Strings	Abida Parveen	" Aug 26, 2016"	"2,003"	"38,380"	"6,748,511 views"	https://www.youtube.com/watch?v=GoJ9EO9CTZk	0.05218864
Uddi Ja	9	Strings	Mohsin Abbas Haider	" Sep 2, 2016"	"2,015"	"62,320"	"9,457,058 views"	https://www.youtube.com/watch?v=-Nbm1vFsr7Q	0.032333119
Aaya Lariye	9	Strings	"Meesha Shafi, Naeem Abbas Rufi"	" Sep 2, 2016"	"4,006"	"72,663"	"13,549,725 views"	https://www.youtube.com/watch?v=zVnbojCYPxU	0.055131222
Paar Chanaa De	9	Strings	"Noori, Shilpa Rao"	" Sep 2, 2016"	"2,439"	"73,911"	"11,687,462 views"	https://www.youtube.com/watch?v=TrPvQvbp3Cg	0.032999148
Ala Baali	9	Strings	"Nirmal Roy, Jabar Abbas"	" Sep 2, 2016"	"1,141"	"35,930"	"4,646,792 views"	https://www.youtube.com/watch?v=guFLjEsg1kc	0.031756193
Main Raasta 	9	Strings	"Momina Mustehsan, Junaid Khan"	" Sep 9, 2016"	"3,387"	"49,033"	"10,505,347 views"	https://www.youtube.com/watch?v=RZqdWW4spXA	0.069075928
Shamaan Pai Gaiyaan/Kee Dam Da Bharosa	9	Strings	"Kashif Ali, Rachel Viccaji"	" Sep 9, 2016"	"2,917"	"66,654"	"14,261,047 views"	https://www.youtube.com/watch?v=7z1rf2kzEkc	0.043763315
Sadaaa	9	Strings	Rahet Fateh Ali Khan	" Sep 9, 2016"	346	"5,253"	"993,281 views"	https://www.youtube.com/watch?v=sj8Tl9id9O0	0.065867124
Jhalliya	9	Strings	"Javed Bashir,Masooma Anwar, Shahzad Nawaz"	" Sep 9, 2016"	921	"22,788"	"6,222,677 views"	https://www.youtube.com/watch?v=_ffgSc2c5F0	0.040416008
Meri Meri	9	Strings	"Sara Haider, Rizwan Butt"	" Sep 16, 2016"	"1,118"	"11,821"	"1,970,210 views"	https://www.youtube.com/watch?v=BBSE4dA4aLg	0.094577447
Tera Who Pyar	9	Strings	"Asim Azhar, Momina Mustehsan"	" Sep 16, 2016"	"24,084"	"606,422"	"105,600,528 views"	https://www.youtube.com/watch?v=8367ETnagHo	0.039714918
Anokha Laadla	9	Strings	"Basit Ali, Damia Farooq"	" Sep 16, 2016"	340	"5,818"	"843,556 views"	https://www.youtube.com/watch?v=TWCkfhEHdZY	0.058439326
Lagi Bina/Chal Mele Noon Challiye	9	Strings	"Saieen Zahoor, Sanam Marvi"	" Sep 16, 2016"	"6,255"	"115,276"	"17,611,889 views"	https://www.youtube.com/watch?v=I3tS2oTUvHI	0.054261078
Sab Jag Soye	9	Strings	"QB, Shuja Haider"	" Sep 23, 2016"	"1,458"	"42,822"	"6,714,588 views"	https://www.youtube.com/watch?v=qLv4msFH35Y	0.034047919
Tu Kuja Man Kuja	9	Strings	"Rafaqat Ali Khan, Shiraz Uppal"	" Sep 23, 2016"	"29,353"	"401,879"	"59,451,368 views"	https://www.youtube.com/watch?v=ZQMn5wIoAno	0.073039397
Nimma Nimma	9	Strings	Shani Arshad	" Sep 23, 2016"	195	"8,529"	"848,337 views"	https://www.youtube.com/watch?v=9AQIcILiGlA	0.022863173
O Re	9	Strings	Noori	" Sep 23, 2016"	340	"11,779"	"1,570,747 views"	https://www.youtube.com/watch?v=Z3CT6cKL_0g	0.028864929
Dil Kamla	9	Strings	"Natasha Khan, Faakhir Mehmood"	" Sep 23, 2016"	327	"9,578"	"1,317,541 views"	https://www.youtube.com/watch?v=Vr3513pHZkU	0.034140739
Rang 	9	Strings	"Rahet Fateh Ali Khan, Amjad Sabri"	" Sep 23, 2016"	"7,831"	"127,474"	"22,737,597 views"	https://www.youtube.com/watch?v=Uks8psEpmB4	0.061432135
The National Anthem	10	Strings	All	" Aug 4, 2017"	"3,859"	"65,030"	"3,698,894 views"	https://www.youtube.com/watch?v=WZEqW6AXhR4	0.059341842
Allahu Akbar	10	Strings	"Ahmed Jahanzeb, Shafqat Amanat Ali"	" Aug 11, 2017"	"3,513"	"104,764"	"9,197,892 views"	https://www.youtube.com/watch?v=oJaO4JdFWB8	0.033532511
Chaa Rahi Kaali Ghata	10	Strings	"Hina Nasrullah, Amanat Ali"	" Aug 11, 2017"	719	"22,982"	"1,755,640 views"	https://www.youtube.com/watch?v=IchaTgzimuU	0.031285354
Muntazir	10	Strings	"Danyal Zafar, Momina Mustehsan"	" Aug 11, 2017"	"7,372"	"102,451"	"12,339,039 views"	https://www.youtube.com/watch?v=cs9ORHI8o38	0.07195635
Ranjish Hi Sahi	10	Strings	Ali Sethi	" Aug 11, 2017"	"2,677"	"82,029"	"9,136,611 views"	https://www.youtube.com/watch?v=pba_YmWDAIU	0.0326348
Tinak Dhin	10	Strings	"Ali Sethi, Ali Hamza, Waqar Ehsin"	" Aug 18, 2017"	"1,981"	"50,526"	"6,144,548 views"	https://www.youtube.com/watch?v=n3-qSfoJ7IM	0.039207537
Sayonee	10	Strings	"Rahet Fateh Ali Khan, Ali Noor, Salman Ahmed"	" Aug 18, 2017"	"6,925"	"50,224"	"5,284,544 views"	https://www.youtube.com/watch?v=Ciim7-hZPb0	0.137882287
Faasle	10	Strings	"Kaavish,QB"	" Aug 18, 2017"	"1,362"	"44,683"	"4,603,597 views"	https://www.youtube.com/watch?v=9sekgEXGm-E	0.030481391
Jaan-e-Bahaaraan	10	Strings	Ali Zafar	" Aug 18, 2017"	"2,022"	"39,500"	"3,626,575 views"	https://www.youtube.com/watch?v=BTf68TSLGH4	0.051189873
Laal Meri	10	Strings	"QB,Akbar Ali, Arieb Azhar"	" Aug 25, 2017"	"3,499"	"47,580"	"4,377,539 views"	https://www.youtube.com/watch?v=eoz9gr9QYes	0.073539302
Ronay Na Diya	10	Strings	"Sajjad Ali, Zaw Ali"	" Aug 25, 2017"	"1,640"	"42,079"	"4,421,000 views"	https://www.youtube.com/watch?v=djOfU3kqJYI	0.03897431
Baazi	10	Strings	"Sahir Ali Bagga, Aima Baig"	" Aug 25, 2017"	"10,161"	"173,447"	"26,724,330 views"	https://www.youtube.com/watch?v=ZYzUKdDunyI	0.058582737
Mujh Se Pehli Si Muhabaat	10	Strings	"Humera Channa, Nabeel Shaukat"	" Aug 25, 2017"	"1,348"	"44,398"	"3,984,433 views"	https://www.youtube.com/watch?v=XLPv-_MBFC8	0.030361728
Naina Moray	10	Strings	"Javed Bashir, Akbar Ali, Aamir Zaki"	" Sep 1, 2017"	714	"25,719"	"1,918,907 views"	https://www.youtube.com/watch?v=q90zq1-heR4	0.027761577
Dekh Tera Kya/Latthay di Chaadar	10	Strings	"QB, Farhan Saeed"	" Sep 1, 2017"	"6,533"	"152,500"	"19,430,495 views"	https://www.youtube.com/watch?v=SCOKysMnH50	0.042839344
Julie	10	Strings	"Ali Zafar, Danyal Zafar"	" Sep 1, 2017"	"2,413"	"29,471"	"2,592,556 views"	https://www.youtube.com/watch?v=-vykUa1Cg34	0.0818771
Jindjaani	10	Strings	"Ali Hamza, Nirmal Roy"	" Sep 1, 2017"	514	"12,712"	"1,743,678 views"	https://www.youtube.com/watch?v=SeY7qcK8d-s	0.040434235
Sab Maya Hai	10	Strings	"Attaullah Khan Esakhelvi,Sanwal Esakhelvi"	" Sep 8, 2017"	"3,926"	"78,810"	"10,814,126 views"	https://www.youtube.com/watch?v=TzdMLhGOIhA	0.049816013
Rangrez	10	Strings	Rahet Fateh Ali Khan	" Sep 8, 2017"	649	"18,373"	"1,830,065 views"	https://www.youtube.com/watch?v=wtmN3kzq7NU	0.035323573
Ujaalon Mein	10	Strings	"Faraz Anwer, Faiza Mujahid"	" Sep 8, 2017"	384	"6,911"	"658,401 views"	https://www.youtube.com/watch?v=g0Q3jV5kcT0	0.055563594
Bol	10	Strings	Shafqat Amanat Ali	" Sep 8, 2017"	388	"9,945"	"798,095 views"	https://www.youtube.com/watch?v=9FwoR8mh8T0	0.03901458
Dam Mast Qalandar	10	Strings	"Umair Jaswal, Jabar Abbas"	" Sep 15, 2017"	"1,567"	"28,195"	"2,666,529 views"	https://www.youtube.com/watch?v=Gar-Vw9UzVs	0.05557723
Yo Soch	10	Strings	"Ali Zafar, Natasha Khan"	" Sep 15, 2017"	737	"10,975"	"959,300 views"	https://www.youtube.com/watch?v=81nBrZdJ6ak	0.06715262
Kaatey Na Katay	10	Strings	"Aima Baig, Humera Arshad, Rachel Viccaji"	" Sep 15, 2017"	"1,447"	"31,268"	"3,322,263 views"	https://www.youtube.com/watch?v=a2IK6XfdYss	0.046277344
Ghoom Taana	10	Strings	"Momina Mustehsan,Irteassh"	" Sep 15, 2017"	"1,405"	"21,872"	"2,314,770 views"	https://www.youtube.com/watch?v=DngeAcpK6LI	0.064237381
Tera Naam	10	Strings	Sajjad Ali	" Sep 21, 2017"	"1,517"	"29,539"	"2,873,137 views"	https://www.youtube.com/watch?v=NP_D2mAYMjo	0.051355835
Baanware	10	Strings	"Shuja Haider, Aima Baig"	" Sep 21, 2017"	"1,374"	"39,249"	"4,234,474 views"	https://www.youtube.com/watch?v=PePGHi6IeZQ	0.035007261
Maula Tera Noor	10	Strings	Shafqat Amanat Ali	" Sep 21, 2017"	714	"24,759"	"1,826,724 views"	https://www.youtube.com/watch?v=p3D-oqGdW9o	0.028837998
Us Rah Par	10	Strings	"Ali Hamza, Ali Zafar, Strings"	" Sep 21, 2017"	"2,782"	"43,116"	"4,042,412 views"	https://www.youtube.com/watch?v=HpfrSzRgWhs	0.064523611
Colors	11	"Ali Hamza, Zohaib Kazi"	"QB, Jason Derulo"	" Jun 20, 2018"	"3,074"	"29,507"	"2,319,078 views"	https://www.youtube.com/watch?v=m_O1DU1fpN8	0.104178669
Faqeera	11	"Ali Hamza, Zohaib Kazi"	"Shamu Bai, Vishnu"	" Jul 5, 2018"	763	"21,169"	"1,860,246 views"	https://www.youtube.com/watch?v=jX_RfuKGJp0	0.036043271
Naseebaya	11	"Ali Hamza, Zohaib Kazi"	"Mangal,Darehan,Shayan"	" Jul 7, 2018"	326	"7,880"	"650,270 views"	https://www.youtube.com/watch?v=OI0cr0Z-M5M	0.041370558
Pareek	11	"Ali Hamza, Zohaib Kazi"	"Ariana,Amrina"	" Jul 3, 2018"	763	"31,936"	"2,051,636 views"	https://www.youtube.com/watch?v=8Pvs8X8wvIU	0.023891533
Tere Bin Soona	11	"Ali Hamza, Zohaib Kazi"	Mishal Khawaja	" Jul 9, 2018"	"2,551"	"9,416"	"593,618 views"	https://www.youtube.com/watch?v=iXxrZMJGE7c	0.270921835
Ha Gulo	11	"Ali Hamza, Zohaib Kazi"	Qasamir	" Jul 11, 2018"	852	"22,185"	"1,206,336 views"	https://www.youtube.com/watch?v=EnChosxHmUw	0.038404327
Hum Dekhenge	11	"Ali Hamza, Zohaib Kazi"	All	" Jul 22, 2018"	"3,952"	"82,026"	"7,191,119 views"	https://www.youtube.com/watch?v=unOqa2tnzSM	0.048179845
Shikwa/Jawab-e-Shikwa	11	"Ali Hamza, Zohaib Kazi"	"Fareed Ayaz, Abu Muhammad, Natasha Baig"	" Aug 10, 2018"	"7,260"	"122,125"	"8,088,927 views"	https://www.youtube.com/watch?v=LrCek73_e_M	0.059447288
Baalkada	11	"Ali Hamza, Zohaib Kazi"	"Naghma,Jimmy Khan"	" Aug 10, 2018"	"1,557"	"29,921"	"2,468,640 views"	https://www.youtube.com/watch?v=LOojBeYVhDQ	0.052037031
Rap hai Saara	11	"Ali Hamza, Zohaib Kazi"	"Lyari Undergroud, Young Desi"	" Aug 10, 2018"	"3,751"	"34,626"	"1,648,875 views"	https://www.youtube.com/watch?v=muvcga4UTYk	0.108329001
Main Irada	11	"Ali Hamza, Zohaib Kazi"	"Haniya,Rachel Viccaji,Shamu Bai,Ariana,Amrina"	" Aug 10, 2018"	"1,277"	"23,240"	"1,297,630 views"	https://www.youtube.com/watch?v=wbXUFGWVZxs	0.054948365
Runaway	11	"Ali Hamza, Zohaib Kazi"	"Krewella,Riaz Qadri,Ghulam Ali Qadri"	" Aug 17, 2018"	"1,650"	"45,139"	"2,698,793 views"	https://www.youtube.com/watch?v=Xg7YCffmwuM	0.036553756
Gaddiye	11	"Ali Hamza, Zohaib Kazi"	"Attaullah Khan Esakhelvi,Asrar"	" Aug 17, 2018"	"1,017"	"22,148"	"1,513,699 views"	https://www.youtube.com/watch?v=cRjhMv8tWyw	0.045918367
Rasha Mama	11	"Ali Hamza, Zohaib Kazi"	"Gul Panrra,Khumariyaan,Zarsanga"	" Aug 17, 2018"	"2,530"	"43,300"	"3,721,182 views"	https://www.youtube.com/watch?v=Y93vs3XFl-0	0.058429561
Ghoom Charakhra	11	"Ali Hamza, Zohaib Kazi"	"Abida Parveen, Ali Azmat"	" Aug 17, 2018"	"3,408"	"38,993"	"3,815,260 views"	https://www.youtube.com/watch?v=_FvMSp4BoL4	0.087400303
Roye Roye	11	"Ali Hamza, Zohaib Kazi"	"Sahir Ali Bagga, Momina Mustehsan"	" Aug 24, 2018"	"6,050"	"113,786"	"8,405,277 views"	https://www.youtube.com/watch?v=S33PzzeozpU	0.053169986
Allah Karesi	11	"Ali Hamza, Zohaib Kazi"	"Attaullah Khan Esakhelvi,Sanwal Esakhelvi"	" Aug 24, 2018"	734	"16,243"	"1,037,797 views"	https://www.youtube.com/watch?v=XcUgJA3_W6Q	0.045188697
Piya Ghar Aaya	11	"Ali Hamza, Zohaib Kazi"	"Fareed Ayaz, Abu Muhammad"	" Aug 24, 2018"	"1,812"	"43,682"	"3,190,134 views"	https://www.youtube.com/watch?v=WzlO79d3S8c	0.041481617
Aatish	11	"Ali Hamza, Zohaib Kazi"	"Shuja Haider, Aima Baig"	" Aug 31, 2018"	"4,113"	"45,577"	"4,471,926 views"	https://www.youtube.com/watch?v=J5fHX8iNggs	0.090242886
Nami Danam	11	"Ali Hamza, Zohaib Kazi"	Chand Tara Orchestra	" Aug 31, 2018"	"1,533"	"6,673"	"446,263 views"	https://www.youtube.com/watch?v=N1UCViygC1Q	0.229731755
Mahi Aaja	11	"Ali Hamza, Zohaib Kazi"	"Asim Azhar, Momina Mustehsan"	" Aug 31, 2018"	"6,808"	"92,505"	"6,545,423 views"	https://www.youtube.com/watch?v=s05KLrFhuM4	0.073596022
Malang	11	"Ali Hamza, Zohaib Kazi"	"Sahir Ali Bagga,Aima Baig"	" Sep 7, 2018"	"5,307"	"140,500"	"10,758,911 views"	https://www.youtube.com/watch?v=OPkfKQpJKXA	0.037772242
Dastaan-e-Moomal Rano	11	"Ali Hamza, Zohaib Kazi"	The Sketches	" Sep 7, 2018"	395	"10,438"	"516,338 views"	https://www.youtube.com/watch?v=Ou7qlUM6cb8	0.037842499
Dil Hai Pakistani	11	"Ali Hamza, Zohaib Kazi"	"Ali Azmat,Mangal,Darehan,Shayan"	" Sep 7, 2018"	"1,583"	"10,183"	"591,353 views"	https://www.youtube.com/watch?v=LyN8qovdMd0	0.15545517
Ilallah	11	"Ali Hamza, Zohaib Kazi"	Sounds of Kolachi	" Sep 28, 2018"	501	"23,753"	"1,112,131 views"	https://www.youtube.com/watch?v=3CJQGf7ldZU	0.021092073
Hawa Hawa	11	"Ali Hamza, Zohaib Kazi"	"Gul Panrra, Hassan Jahangir"	" Sep 28, 2018"	"5,647"	"70,225"	"5,870,625 views"	https://www.youtube.com/watch?v=w3s8cjG2WYY	0.080412958
Tere Liye	11	"Ali Hamza, Zohaib Kazi"	"Riaz Qadri,Ghulam Ali Qadri,Ali Azmat"	" Sep 28, 2018"	679	"6,970"	"458,268 views"	https://www.youtube.com/watch?v=eQWzCREt-Xo	0.097417504
Jind Mahiya	11	"Ali Hamza, Zohaib Kazi"	Shuja Haider	" Oct 5, 2018"	577	"24,203"	"1,075,723 views"	https://www.youtube.com/watch?v=bUOArq33ImM	0.02384002
Ballay Ballay	11	"Ali Hamza, Zohaib Kazi"	"Abrar-ul-Haq,Aima Baig"	" Oct 5, 2018"	"3,417"	"57,616"	"4,321,362 views"	https://www.youtube.com/watch?v=gK-eU6QFEnM	0.059306443
Ya Qurban	11	"Ali Hamza, Zohaib Kazi"	Khumariyaan	" Oct 5, 2018"	"1,011"	"35,297"	"2,144,648 views"	https://www.youtube.com/watch?v=_YnjQ3MjuPg	0.028642661
Balaghal Ula Be Kamalihi	11	"Ali Hamza, Zohaib Kazi"	Abida Parveen	" Oct 5, 2018"	618	"25,984"	"1,130,494 views"	https://www.youtube.com/watch?v=dYPWLlfD05Q	0.023783867
Wah Jo Kalaam	11	"Ali Hamza, Zohaib Kazi"	"Asrar,Shamu Bai, Vishnu"	" Oct 12, 2018"	311	"12,787"	"491,867 views"	https://www.youtube.com/watch?v=SBxEvrorLf4	0.024321577
Luddi Hai Jamalo	11	"Ali Hamza, Zohaib Kazi"	"Humaira Arshad, Ali Sethi"	" Oct 12, 2018"	"3,781"	"31,507"	"3,370,974 views"	https://www.youtube.com/watch?v=klEYnZjf66s	0.120005078
Apna Gham	11	"Ali Hamza, Zohaib Kazi"	"Bilal Khan,Mishal Khawaja"	" Oct 12, 2018"	775	"18,177"	"741,920 views"	https://www.youtube.com/watch?v=cZnRhEQJoCk	0.042636299
Dildar Sadqay	11	"Ali Hamza, Zohaib Kazi"	"Jawad Ahmad,Elizabeth Rai"	" Oct 19, 2018"	846	"21,868"	"1,251,564 views"	https://www.youtube.com/watch?v=oGp_eDrxLKQ	0.038686665
Aurangzeb	11	"Ali Hamza, Zohaib Kazi"	Mughal-e-Funk	" Oct 19, 2018"	393	"3,374"	"162,792 views"	https://www.youtube.com/watch?v=f-2B6gKGoxo	0.116478957
Ko Ko Korina	11	"Ali Hamza, Zohaib Kazi"	"Ahad Raza Mir, Momina Mustehsan"	" Oct 19, 2018"	"155,113"	"54,068"	"2,980,047 views"	https://www.youtube.com/watch?v=O6WMef5erS8	2.868850337
